-- phpMyAdmin SQL Dump
-- version 5.2.0
-- https://www.phpmyadmin.net/
--
-- Host: 127.0.0.1:3306
-- Generation Time: Nov 22, 2023 at 10:34 AM
-- Server version: 8.0.31
-- PHP Version: 8.0.26

SET SQL_MODE = "NO_AUTO_VALUE_ON_ZERO";
START TRANSACTION;
SET time_zone = "+00:00";


/*!40101 SET @OLD_CHARACTER_SET_CLIENT=@@CHARACTER_SET_CLIENT */;
/*!40101 SET @OLD_CHARACTER_SET_RESULTS=@@CHARACTER_SET_RESULTS */;
/*!40101 SET @OLD_COLLATION_CONNECTION=@@COLLATION_CONNECTION */;
/*!40101 SET NAMES utf8mb4 */;

--
-- Database: `db_sm3101`
--

-- --------------------------------------------------------

--
-- Table structure for table `admin_tbl`
--

DROP TABLE IF EXISTS `admin_tbl`;
CREATE TABLE IF NOT EXISTS `admin_tbl` (
  `admin_id` int NOT NULL AUTO_INCREMENT,
  `empid` int NOT NULL,
  PRIMARY KEY (`admin_id`),
  KEY `empid` (`empid`)
) ENGINE=MyISAM AUTO_INCREMENT=502 DEFAULT CHARSET=utf8mb4 COLLATE=utf8mb4_general_ci;

--
-- Dumping data for table `admin_tbl`
--

INSERT INTO `admin_tbl` (`admin_id`, `empid`) VALUES
(501, 3);

-- --------------------------------------------------------

--
-- Table structure for table `category`
--

DROP TABLE IF EXISTS `category`;
CREATE TABLE IF NOT EXISTS `category` (
  `category_id` int NOT NULL AUTO_INCREMENT,
  `categoryName` varchar(255) CHARACTER SET utf8mb4 COLLATE utf8mb4_general_ci NOT NULL,
  `categoryDescription` varchar(255) CHARACTER SET utf8mb4 COLLATE utf8mb4_general_ci NOT NULL,
  `creationDate` timestamp NOT NULL DEFAULT CURRENT_TIMESTAMP ON UPDATE CURRENT_TIMESTAMP,
  PRIMARY KEY (`category_id`)
) ENGINE=MyISAM AUTO_INCREMENT=7 DEFAULT CHARSET=utf8mb4 COLLATE=utf8mb4_general_ci;

--
-- Dumping data for table `category`
--

INSERT INTO `category` (`category_id`, `categoryName`, `categoryDescription`, `creationDate`) VALUES
(1, 'Plagiarism', 'Cheating', '2023-11-06 16:31:21'),
(2, 'Not Teaching', 'The teacher is not attending the class.', '2023-11-06 16:31:42'),
(3, 'Cheating', 'Caught my classmate open their notes during examination.', '2023-11-06 16:31:58'),
(4, 'Humiliation', 'The teacher makes an embarrassing comment about me.', '2023-10-25 01:37:54'),
(5, 'Dishonesty', 'With regard to examination-related cheating and plagiarism on written assignments and papers.', '2023-10-25 01:38:42'),
(6, 'Other', 'Please specify the complaint category if not already mentioned. Your input is essential for a more accurate resolution.', '2023-11-16 03:31:02');

-- --------------------------------------------------------

--
-- Table structure for table `complaint_remark`
--

DROP TABLE IF EXISTS `complaint_remark`;
CREATE TABLE IF NOT EXISTS `complaint_remark` (
  `complaint_id` int NOT NULL AUTO_INCREMENT,
  `complaintNumber` int NOT NULL,
  `status` varchar(255) CHARACTER SET utf8mb4 COLLATE utf8mb4_general_ci NOT NULL,
  `remark` mediumtext CHARACTER SET utf8mb4 COLLATE utf8mb4_general_ci NOT NULL,
  `remarkDate` timestamp NOT NULL DEFAULT CURRENT_TIMESTAMP ON UPDATE CURRENT_TIMESTAMP,
  PRIMARY KEY (`complaint_id`),
  KEY `complaintNumber` (`complaintNumber`)
) ENGINE=MyISAM AUTO_INCREMENT=12 DEFAULT CHARSET=utf8mb4 COLLATE=utf8mb4_general_ci;

--
-- Dumping data for table `complaint_remark`
--

INSERT INTO `complaint_remark` (`complaint_id`, `complaintNumber`, `status`, `remark`, `remarkDate`) VALUES
(1, 1, 'pending', 'pending', '2023-10-25 00:23:14'),
(3, 1, 'ongoing', 'still processing', '2023-10-25 01:43:32'),
(4, 2, 'resolved', 'closed', '2023-10-25 01:43:32'),
(5, 4, 'pending', 'processing', '2023-10-25 01:43:32'),
(6, 4, 'resolved', 'closed', '2023-10-25 01:43:32'),
(7, 1, 'ongoing', 'processing', '2023-10-25 01:43:32'),
(9, 8, 'resolved', 'closed', '2023-10-25 01:43:32'),
(11, 2, 'ongoing', 'processing', '2023-10-25 01:43:32');

-- --------------------------------------------------------

--
-- Table structure for table `tablecomplaints`
--

DROP TABLE IF EXISTS `tablecomplaints`;
CREATE TABLE IF NOT EXISTS `tablecomplaints` (
  `complaintNumber` int NOT NULL AUTO_INCREMENT,
  `sr-code` int NOT NULL,
  `category_id` int NOT NULL,
  `complaintName` varchar(255) CHARACTER SET utf8mb4 COLLATE utf8mb4_general_ci NOT NULL,
  `complaintDetails` varchar(5000) CHARACTER SET utf8mb4 COLLATE utf8mb4_general_ci NOT NULL,
  `complaintFile` varchar(255) CHARACTER SET utf8mb4 COLLATE utf8mb4_general_ci NOT NULL,
  `regDate` timestamp NOT NULL DEFAULT CURRENT_TIMESTAMP ON UPDATE CURRENT_TIMESTAMP,
  `status` varchar(50) CHARACTER SET utf8mb4 COLLATE utf8mb4_general_ci DEFAULT NULL,
  `lastUpdationDate` timestamp NOT NULL DEFAULT '0000-00-00 00:00:00' ON UPDATE CURRENT_TIMESTAMP,
  PRIMARY KEY (`complaintNumber`),
  KEY `sr-code` (`sr-code`),
  KEY `category_id` (`category_id`)
) ENGINE=MyISAM AUTO_INCREMENT=15 DEFAULT CHARSET=utf8mb4 COLLATE=utf8mb4_general_ci;

--
-- Dumping data for table `tablecomplaints`
--

INSERT INTO `tablecomplaints` (`complaintNumber`, `sr-code`, `category_id`, `complaintName`, `complaintDetails`, `complaintFile`, `regDate`, `status`, `lastUpdationDate`) VALUES
(1, 1001, 1, 'Plagiarism', 'Someone cheated.', '', '2023-11-21 16:29:56', '', '0000-00-00 00:00:00'),
(2, 1001, 1, 'Cheating', 'Someone is cheating during exam.', '', '2023-11-21 16:30:10', '', '0000-00-00 00:00:00'),
(12, 1003, 5, 'Dishonesty', 'saw someone using phone during exam', '', '2023-11-21 16:30:24', '', '0000-00-00 00:00:00'),
(7, 1004, 4, 'Humiliation', 'The teacher makes an embarrassing comment about me', '', '2023-11-21 16:30:37', '', '0000-00-00 00:00:00'),
(13, 1, 3, 'Complaint For Student', 'hello, testing po, hehe', '', '2023-11-21 17:50:15', NULL, '0000-00-00 00:00:00'),
(14, 1, 2, 'Complaint for Services', 'hshhshs', '', '2023-11-22 10:31:18', NULL, '0000-00-00 00:00:00');

-- --------------------------------------------------------

--
-- Table structure for table `tbdepacc`
--

DROP TABLE IF EXISTS `tbdepacc`;
CREATE TABLE IF NOT EXISTS `tbdepacc` (
  `deptUserID` int NOT NULL AUTO_INCREMENT,
  `deptUserN` char(50) DEFAULT NULL,
  `deptUserPass` char(50) DEFAULT NULL,
  `deptName` varchar(25) DEFAULT NULL,
  PRIMARY KEY (`deptUserID`),
  KEY `tbadmin_ibfk_2` (`deptName`)
) ENGINE=InnoDB AUTO_INCREMENT=8 DEFAULT CHARSET=utf8mb4 COLLATE=utf8mb4_0900_ai_ci;

--
-- Dumping data for table `tbdepacc`
--

INSERT INTO `tbdepacc` (`deptUserID`, `deptUserN`, `deptUserPass`, `deptName`) VALUES
(1, 'Cics1', 'CICS123', 'CICS'),
(2, 'Cabe1', 'CABE123', '2'),
(3, 'Cas1', 'CAS123', '4'),
(4, 'Cit1', 'CIT123', '3'),
(5, 'Cics2', 'Cics123', '1');

-- --------------------------------------------------------

--
-- Table structure for table `tbdepartment`
--

DROP TABLE IF EXISTS `tbdepartment`;
CREATE TABLE IF NOT EXISTS `tbdepartment` (
  `deptName` varchar(25) NOT NULL,
  PRIMARY KEY (`deptName`)
) ENGINE=InnoDB DEFAULT CHARSET=utf8mb4 COLLATE=utf8mb4_0900_ai_ci;

--
-- Dumping data for table `tbdepartment`
--

INSERT INTO `tbdepartment` (`deptName`) VALUES
('CABE'),
('CAS'),
('CICS'),
('CIT');

-- --------------------------------------------------------

--
-- Table structure for table `tbempcontact`
--

DROP TABLE IF EXISTS `tbempcontact`;
CREATE TABLE IF NOT EXISTS `tbempcontact` (
  `id` int NOT NULL AUTO_INCREMENT,
  `empid` int NOT NULL,
  `password` varchar(255) CHARACTER SET utf8mb4 COLLATE utf8mb4_general_ci NOT NULL,
  `email` varchar(255) CHARACTER SET utf8mb4 COLLATE utf8mb4_general_ci NOT NULL,
  `contact_no` bigint NOT NULL,
  `address` varchar(255) CHARACTER SET utf8mb4 COLLATE utf8mb4_general_ci NOT NULL,
  PRIMARY KEY (`id`),
  KEY `empid` (`empid`)
) ENGINE=MyISAM AUTO_INCREMENT=902 DEFAULT CHARSET=utf8mb4 COLLATE=utf8mb4_general_ci;

--
-- Dumping data for table `tbempcontact`
--

INSERT INTO `tbempcontact` (`id`, `empid`, `password`, `email`, `contact_no`, `address`) VALUES
(901, 3, 'e00cf25ad42683b3df678c61f42c6bda', 'balazon@gmail.com', 9123456789, 'Lipa City, Batangas');

-- --------------------------------------------------------

--
-- Table structure for table `tbempinfo`
--

DROP TABLE IF EXISTS `tbempinfo`;
CREATE TABLE IF NOT EXISTS `tbempinfo` (
  `empid` int NOT NULL AUTO_INCREMENT,
  `lastname` varchar(25) NOT NULL,
  `firstname` varchar(25) NOT NULL,
  `department` varchar(20) NOT NULL,
  PRIMARY KEY (`empid`)
) ENGINE=InnoDB AUTO_INCREMENT=4 DEFAULT CHARSET=utf8mb4 COLLATE=utf8mb4_0900_ai_ci;

--
-- Dumping data for table `tbempinfo`
--

INSERT INTO `tbempinfo` (`empid`, `lastname`, `firstname`, `department`) VALUES
(1, 'aguila', 'nina', 'cics'),
(2, 'Reyes', 'Jones', 'Cics'),
(3, 'Balazon', 'Francis', 'CICS');

-- --------------------------------------------------------

--
-- Table structure for table `tbeventdetail`
--

DROP TABLE IF EXISTS `tbeventdetail`;
CREATE TABLE IF NOT EXISTS `tbeventdetail` (
  `eventId` int NOT NULL AUTO_INCREMENT,
  `eventWhere` char(50) DEFAULT NULL,
  `eventWhen` char(50) DEFAULT NULL,
  `eventWhat` char(50) DEFAULT NULL,
  `eventWho` varchar(30) CHARACTER SET utf8mb4 COLLATE utf8mb4_0900_ai_ci NOT NULL,
  PRIMARY KEY (`eventId`),
  KEY `deptId_fk` (`eventWho`)
) ENGINE=InnoDB AUTO_INCREMENT=2 DEFAULT CHARSET=utf8mb4 COLLATE=utf8mb4_0900_ai_ci;

--
-- Dumping data for table `tbeventdetail`
--

INSERT INTO `tbeventdetail` (`eventId`, `eventWhere`, `eventWhen`, `eventWhat`, `eventWho`) VALUES
(1, 'BSU LIPA CAMPUS', 'December 1,2023', 'CICS Week', 'All Students');

-- --------------------------------------------------------

--
-- Table structure for table `tbeventview`
--

DROP TABLE IF EXISTS `tbeventview`;
CREATE TABLE IF NOT EXISTS `tbeventview` (
  `srCode` varchar(50) CHARACTER SET utf8mb4 COLLATE utf8mb4_0900_ai_ci DEFAULT NULL,
  `section` varchar(25) DEFAULT NULL,
  `deptName` varchar(50) DEFAULT NULL,
  `eventWhat` varchar(50) DEFAULT NULL,
  `evdate` date DEFAULT NULL,
  `evtime` time DEFAULT NULL,
  KEY `section` (`section`),
  KEY `eventWhat` (`eventWhat`),
  KEY `deptName` (`deptName`),
  KEY `srCode` (`srCode`)
) ENGINE=InnoDB DEFAULT CHARSET=utf8mb4 COLLATE=utf8mb4_0900_ai_ci;

--
-- Dumping data for table `tbeventview`
--

INSERT INTO `tbeventview` (`srCode`, `section`, `deptName`, `eventWhat`, `evdate`, `evtime`) VALUES
('21-34890', 'SM-3101', 'CICS', 'CICS Week', '2023-11-22', '04:58:02'),
('21-37506', 'SM-3101', 'CICS', 'CICS Week', '2023-11-22', '05:04:32');

-- --------------------------------------------------------

--
-- Table structure for table `tbsecurity`
--

DROP TABLE IF EXISTS `tbsecurity`;
CREATE TABLE IF NOT EXISTS `tbsecurity` (
  `adminId` int NOT NULL,
  `adminUserN` varchar(25) DEFAULT NULL,
  `adminPass` varchar(25) DEFAULT NULL,
  `empid` int DEFAULT NULL,
  PRIMARY KEY (`adminId`),
  KEY `empid` (`empid`)
) ENGINE=InnoDB DEFAULT CHARSET=utf8mb4 COLLATE=utf8mb4_0900_ai_ci;

--
-- Dumping data for table `tbsecurity`
--

INSERT INTO `tbsecurity` (`adminId`, `adminUserN`, `adminPass`, `empid`) VALUES
(0, 'Admin1', 'Admin111', 2);

-- --------------------------------------------------------

--
-- Table structure for table `tbstudcontact`
--

DROP TABLE IF EXISTS `tbstudcontact`;
CREATE TABLE IF NOT EXISTS `tbstudcontact` (
  `id` int NOT NULL AUTO_INCREMENT,
  `studid` int NOT NULL,
  `password` varchar(255) CHARACTER SET utf8mb4 COLLATE utf8mb4_general_ci NOT NULL,
  `email` varchar(255) CHARACTER SET utf8mb4 COLLATE utf8mb4_general_ci NOT NULL,
  `contact_no` bigint NOT NULL,
  `address` varchar(255) CHARACTER SET utf8mb4 COLLATE utf8mb4_general_ci NOT NULL,
  PRIMARY KEY (`id`),
  KEY `studid` (`studid`)
) ENGINE=MyISAM AUTO_INCREMENT=7 DEFAULT CHARSET=utf8mb4 COLLATE=utf8mb4_general_ci;

--
-- Dumping data for table `tbstudcontact`
--

INSERT INTO `tbstudcontact` (`id`, `studid`, `password`, `email`, `contact_no`, `address`) VALUES
(1, 6, '5d41402abc4b2a76b9719d911017c592', 'ryan@gmail.com', 9123456789, 'Cuenca, Batangas');

-- --------------------------------------------------------

--
-- Table structure for table `tbstudent`
--

DROP TABLE IF EXISTS `tbstudent`;
CREATE TABLE IF NOT EXISTS `tbstudent` (
  `srCode` varchar(25) NOT NULL,
  `studPass` varchar(50) DEFAULT NULL,
  `deptName` varchar(50) DEFAULT NULL,
  `section` varchar(25) NOT NULL,
  `studid` int DEFAULT NULL,
  PRIMARY KEY (`srCode`),
  KEY `studid` (`studid`),
  KEY `deptName` (`deptName`)
) ENGINE=InnoDB DEFAULT CHARSET=utf8mb4 COLLATE=utf8mb4_0900_ai_ci;

--
-- Dumping data for table `tbstudent`
--

INSERT INTO `tbstudent` (`srCode`, `studPass`, `deptName`, `section`, `studid`) VALUES
('21-34890', '123', 'CICS', 'SM-3101', 3),
('21-36550', '123', 'CICS', 'SM-3101', 5),
('21-37506', '123', 'CICS', 'SM-3101', 4);

-- --------------------------------------------------------

--
-- Table structure for table `tbstudinfo`
--

DROP TABLE IF EXISTS `tbstudinfo`;
CREATE TABLE IF NOT EXISTS `tbstudinfo` (
  `studid` int NOT NULL AUTO_INCREMENT,
  `lastname` varchar(25) NOT NULL,
  `firstname` varchar(25) NOT NULL,
  `course` varchar(20) NOT NULL,
  PRIMARY KEY (`studid`)
) ENGINE=InnoDB AUTO_INCREMENT=7 DEFAULT CHARSET=utf8mb4 COLLATE=utf8mb4_0900_ai_ci;

--
-- Dumping data for table `tbstudinfo`
--

INSERT INTO `tbstudinfo` (`studid`, `lastname`, `firstname`, `course`) VALUES
(1, 'parker', 'peter', 'bsit'),
(2, 'kent', 'clark', 'bscs'),
(3, 'Roxas', 'Kent', 'bsit'),
(4, 'Custodio', 'Juliana Beatriz', 'bsit'),
(5, 'Lasay', 'John Lloyd', 'bsit'),
(6, 'Ramos', 'Ryan Ceasar', 'BSIT');

--
-- Constraints for dumped tables
--

--
-- Constraints for table `tbeventview`
--
ALTER TABLE `tbeventview`
  ADD CONSTRAINT `tbeventview_ibfk_2` FOREIGN KEY (`deptName`) REFERENCES `tbdepartment` (`deptName`) ON DELETE CASCADE ON UPDATE CASCADE,
  ADD CONSTRAINT `tbeventview_ibfk_3` FOREIGN KEY (`srCode`) REFERENCES `tbstudent` (`srCode`) ON DELETE CASCADE ON UPDATE CASCADE;

--
-- Constraints for table `tbsecurity`
--
ALTER TABLE `tbsecurity`
  ADD CONSTRAINT `tbsecurity_ibfk_1` FOREIGN KEY (`empid`) REFERENCES `tbempinfo` (`empid`) ON DELETE CASCADE ON UPDATE CASCADE;

--
-- Constraints for table `tbstudent`
--
ALTER TABLE `tbstudent`
  ADD CONSTRAINT `tbstudent_ibfk_1` FOREIGN KEY (`studid`) REFERENCES `tbstudinfo` (`studid`) ON DELETE CASCADE ON UPDATE CASCADE,
  ADD CONSTRAINT `tbstudent_ibfk_2` FOREIGN KEY (`deptName`) REFERENCES `tbdepartment` (`deptName`) ON DELETE CASCADE ON UPDATE CASCADE;
COMMIT;

/*!40101 SET CHARACTER_SET_CLIENT=@OLD_CHARACTER_SET_CLIENT */;
/*!40101 SET CHARACTER_SET_RESULTS=@OLD_CHARACTER_SET_RESULTS */;
/*!40101 SET COLLATION_CONNECTION=@OLD_COLLATION_CONNECTION */;
