-- phpMyAdmin SQL Dump
-- version 5.2.0
-- https://www.phpmyadmin.net/
--
-- Host: 127.0.0.1:3306
-- Generation Time: Nov 22, 2023 at 10:01 AM
-- Server version: 8.0.31
-- PHP Version: 8.0.26

SET SQL_MODE = "NO_AUTO_VALUE_ON_ZERO";
START TRANSACTION;
SET time_zone = "+00:00";


/*!40101 SET @OLD_CHARACTER_SET_CLIENT=@@CHARACTER_SET_CLIENT */;
/*!40101 SET @OLD_CHARACTER_SET_RESULTS=@@CHARACTER_SET_RESULTS */;
/*!40101 SET @OLD_COLLATION_CONNECTION=@@COLLATION_CONNECTION */;
/*!40101 SET NAMES utf8mb4 */;

--
-- Database: `db_sm3101`
--

-- --------------------------------------------------------

--
-- Table structure for table `admin_tbl`
--

DROP TABLE IF EXISTS `admin_tbl`;
CREATE TABLE IF NOT EXISTS `admin_tbl` (
  `admin_id` int NOT NULL AUTO_INCREMENT,
  `empid` int NOT NULL,
  PRIMARY KEY (`admin_id`),
  KEY `empid` (`empid`)
) ENGINE=MyISAM AUTO_INCREMENT=502 DEFAULT CHARSET=utf8mb4 COLLATE=utf8mb4_general_ci;

--
-- Dumping data for table `admin_tbl`
--

INSERT INTO `admin_tbl` (`admin_id`, `empid`) VALUES
(501, 101);

-- --------------------------------------------------------

--
-- Table structure for table `category`
--

DROP TABLE IF EXISTS `category`;
CREATE TABLE IF NOT EXISTS `category` (
  `category_id` int NOT NULL AUTO_INCREMENT,
  `categoryName` varchar(255) CHARACTER SET utf8mb4 COLLATE utf8mb4_general_ci NOT NULL,
  `categoryDescription` varchar(255) CHARACTER SET utf8mb4 COLLATE utf8mb4_general_ci NOT NULL,
  `creationDate` timestamp NOT NULL DEFAULT CURRENT_TIMESTAMP ON UPDATE CURRENT_TIMESTAMP,
  PRIMARY KEY (`category_id`)
) ENGINE=MyISAM AUTO_INCREMENT=7 DEFAULT CHARSET=utf8mb4 COLLATE=utf8mb4_general_ci;

--
-- Dumping data for table `category`
--

INSERT INTO `category` (`category_id`, `categoryName`, `categoryDescription`, `creationDate`) VALUES
(1, 'Plagiarism', 'Cheating', '2023-11-06 16:31:21'),
(2, 'Not Teaching', 'The teacher is not attending the class.', '2023-11-06 16:31:42'),
(3, 'Cheating', 'Caught my classmate open their notes during examination.', '2023-11-06 16:31:58'),
(4, 'Humiliation', 'The teacher makes an embarrassing comment about me.', '2023-10-25 01:37:54'),
(5, 'Dishonesty', 'With regard to examination-related cheating and plagiarism on written assignments and papers.', '2023-10-25 01:38:42'),
(6, 'Other', 'Please specify the complaint category if not already mentioned. Your input is essential for a more accurate resolution.', '2023-11-16 03:31:02');

-- --------------------------------------------------------

--
-- Table structure for table `complaint_remark`
--

DROP TABLE IF EXISTS `complaint_remark`;
CREATE TABLE IF NOT EXISTS `complaint_remark` (
  `complaint_id` int NOT NULL AUTO_INCREMENT,
  `complaintNumber` int NOT NULL,
  `status` varchar(255) CHARACTER SET utf8mb4 COLLATE utf8mb4_general_ci NOT NULL,
  `remark` mediumtext CHARACTER SET utf8mb4 COLLATE utf8mb4_general_ci NOT NULL,
  `remarkDate` timestamp NOT NULL DEFAULT CURRENT_TIMESTAMP ON UPDATE CURRENT_TIMESTAMP,
  PRIMARY KEY (`complaint_id`),
  KEY `complaintNumber` (`complaintNumber`)
) ENGINE=MyISAM AUTO_INCREMENT=12 DEFAULT CHARSET=utf8mb4 COLLATE=utf8mb4_general_ci;

--
-- Dumping data for table `complaint_remark`
--

INSERT INTO `complaint_remark` (`complaint_id`, `complaintNumber`, `status`, `remark`, `remarkDate`) VALUES
(1, 1, 'pending', 'pending', '2023-10-25 00:23:14'),
(3, 1, 'ongoing', 'still processing', '2023-10-25 01:43:32'),
(4, 2, 'resolved', 'closed', '2023-10-25 01:43:32'),
(5, 4, 'pending', 'processing', '2023-10-25 01:43:32'),
(6, 4, 'resolved', 'closed', '2023-10-25 01:43:32'),
(7, 1, 'ongoing', 'processing', '2023-10-25 01:43:32'),
(9, 8, 'resolved', 'closed', '2023-10-25 01:43:32'),
(11, 2, 'ongoing', 'processing', '2023-10-25 01:43:32');

-- --------------------------------------------------------

--
-- Table structure for table `tablecomplaints`
--

DROP TABLE IF EXISTS `tablecomplaints`;
CREATE TABLE IF NOT EXISTS `tablecomplaints` (
  `complaintNumber` int NOT NULL AUTO_INCREMENT,
  `sr-code` int NOT NULL,
  `category_id` int NOT NULL,
  `complaintName` varchar(255) CHARACTER SET utf8mb4 COLLATE utf8mb4_general_ci NOT NULL,
  `complaintDetails` varchar(5000) CHARACTER SET utf8mb4 COLLATE utf8mb4_general_ci NOT NULL,
  `complaintFile` varchar(255) CHARACTER SET utf8mb4 COLLATE utf8mb4_general_ci NOT NULL,
  `regDate` timestamp NOT NULL DEFAULT CURRENT_TIMESTAMP ON UPDATE CURRENT_TIMESTAMP,
  `status` varchar(50) CHARACTER SET utf8mb4 COLLATE utf8mb4_general_ci DEFAULT NULL,
  `lastUpdationDate` timestamp NOT NULL DEFAULT '0000-00-00 00:00:00' ON UPDATE CURRENT_TIMESTAMP,
  PRIMARY KEY (`complaintNumber`),
  KEY `sr-code` (`sr-code`),
  KEY `category_id` (`category_id`)
) ENGINE=MyISAM AUTO_INCREMENT=14 DEFAULT CHARSET=utf8mb4 COLLATE=utf8mb4_general_ci;

--
-- Dumping data for table `tablecomplaints`
--

INSERT INTO `tablecomplaints` (`complaintNumber`, `sr-code`, `category_id`, `complaintName`, `complaintDetails`, `complaintFile`, `regDate`, `status`, `lastUpdationDate`) VALUES
(1, 1001, 1, 'Plagiarism', 'Someone cheated.', '', '2023-11-21 16:29:56', '', '0000-00-00 00:00:00'),
(2, 1001, 1, 'Cheating', 'Someone is cheating during exam.', '', '2023-11-21 16:30:10', '', '0000-00-00 00:00:00'),
(12, 1003, 5, 'Dishonesty', 'saw someone using phone during exam', '', '2023-11-21 16:30:24', '', '0000-00-00 00:00:00'),
(7, 1004, 4, 'Humiliation', 'The teacher makes an embarrassing comment about me', '', '2023-11-21 16:30:37', '', '0000-00-00 00:00:00'),
(13, 1, 3, 'Complaint For Student', 'hello, testing po, hehe', '', '2023-11-21 17:50:15', NULL, '0000-00-00 00:00:00');

-- --------------------------------------------------------

--
-- Table structure for table `tbempcontact`
--

DROP TABLE IF EXISTS `tbempcontact`;
CREATE TABLE IF NOT EXISTS `tbempcontact` (
  `id` int NOT NULL AUTO_INCREMENT,
  `empid` int NOT NULL,
  `password` varchar(255) CHARACTER SET utf8mb4 COLLATE utf8mb4_general_ci NOT NULL,
  `email` varchar(255) CHARACTER SET utf8mb4 COLLATE utf8mb4_general_ci NOT NULL,
  `contact_no` bigint NOT NULL,
  `address` varchar(255) CHARACTER SET utf8mb4 COLLATE utf8mb4_general_ci NOT NULL,
  PRIMARY KEY (`id`),
  KEY `empid` (`empid`)
) ENGINE=MyISAM AUTO_INCREMENT=2 DEFAULT CHARSET=utf8mb4 COLLATE=utf8mb4_general_ci;

--
-- Dumping data for table `tbempcontact`
--

INSERT INTO `tbempcontact` (`id`, `empid`, `password`, `email`, `contact_no`, `address`) VALUES
(1, 2, 'staff', 'balazon@gmail.com', 9123456789, 'Lipa City, Batangas');

-- --------------------------------------------------------

--
-- Table structure for table `tbempinfo`
--

DROP TABLE IF EXISTS `tbempinfo`;
CREATE TABLE IF NOT EXISTS `tbempinfo` (
  `empid` int NOT NULL AUTO_INCREMENT,
  `lastname` varchar(25) CHARACTER SET utf8mb4 COLLATE utf8mb4_general_ci NOT NULL,
  `firstname` varchar(25) CHARACTER SET utf8mb4 COLLATE utf8mb4_general_ci NOT NULL,
  `department` varchar(20) CHARACTER SET utf8mb4 COLLATE utf8mb4_general_ci NOT NULL,
  PRIMARY KEY (`empid`)
) ENGINE=MyISAM AUTO_INCREMENT=3 DEFAULT CHARSET=utf8mb4 COLLATE=utf8mb4_general_ci;

--
-- Dumping data for table `tbempinfo`
--

INSERT INTO `tbempinfo` (`empid`, `lastname`, `firstname`, `department`) VALUES
(1, 'aguila', 'nina', 'cics'),
(2, 'Balazon', 'Francis', 'CICS');

-- --------------------------------------------------------

--
-- Table structure for table `tbstudcontact`
--

DROP TABLE IF EXISTS `tbstudcontact`;
CREATE TABLE IF NOT EXISTS `tbstudcontact` (
  `id` int NOT NULL AUTO_INCREMENT,
  `studid` int NOT NULL,
  `password` varchar(255) CHARACTER SET utf8mb4 COLLATE utf8mb4_general_ci NOT NULL,
  `email` varchar(255) CHARACTER SET utf8mb4 COLLATE utf8mb4_general_ci NOT NULL,
  `contact_no` bigint NOT NULL,
  `address` varchar(255) CHARACTER SET utf8mb4 COLLATE utf8mb4_general_ci NOT NULL,
  PRIMARY KEY (`id`),
  KEY `studid` (`studid`)
) ENGINE=MyISAM AUTO_INCREMENT=2 DEFAULT CHARSET=utf8mb4 COLLATE=utf8mb4_general_ci;

--
-- Dumping data for table `tbstudcontact`
--

INSERT INTO `tbstudcontact` (`id`, `studid`, `password`, `email`, `contact_no`, `address`) VALUES
(1, 3, '10c7ccc7a4f0aff03c915c485565b9da', 'ryan@gmail.com', 9123456789, 'Cuenca, Batangas');

-- --------------------------------------------------------

--
-- Table structure for table `tbstudinfo`
--

DROP TABLE IF EXISTS `tbstudinfo`;
CREATE TABLE IF NOT EXISTS `tbstudinfo` (
  `studid` int NOT NULL AUTO_INCREMENT,
  `lastname` varchar(25) CHARACTER SET utf8mb4 COLLATE utf8mb4_general_ci NOT NULL,
  `firstname` varchar(25) CHARACTER SET utf8mb4 COLLATE utf8mb4_general_ci NOT NULL,
  `course` varchar(20) CHARACTER SET utf8mb4 COLLATE utf8mb4_general_ci NOT NULL,
  PRIMARY KEY (`studid`)
) ENGINE=MyISAM AUTO_INCREMENT=8 DEFAULT CHARSET=utf8mb4 COLLATE=utf8mb4_general_ci;

--
-- Dumping data for table `tbstudinfo`
--

INSERT INTO `tbstudinfo` (`studid`, `lastname`, `firstname`, `course`) VALUES
(1, 'parker', 'peter', 'bsit'),
(2, 'kent', 'clark', 'bscs'),
(3, 'Ramos', 'Ryan Ceasar', 'BSIT'),
(4, 'Magnaye', 'Erika', 'BSIT'),
(5, 'Gabuya', 'Jenny Mae', 'BSIT'),
(6, 'Peloramas', 'Jelladane', 'BSIT'),
(7, 'Dimaculangan', 'Everson', 'BSIT');
COMMIT;

/*!40101 SET CHARACTER_SET_CLIENT=@OLD_CHARACTER_SET_CLIENT */;
/*!40101 SET CHARACTER_SET_RESULTS=@OLD_CHARACTER_SET_RESULTS */;
/*!40101 SET COLLATION_CONNECTION=@OLD_COLLATION_CONNECTION */;

-- phpMyAdmin SQL Dump
-- version 5.2.0
-- https://www.phpmyadmin.net/
--
-- Host: 127.0.0.1:3306
-- Generation Time: Nov 23, 2023 at 08:33 AM
-- Server version: 8.0.31
-- PHP Version: 8.0.26

SET SQL_MODE = "NO_AUTO_VALUE_ON_ZERO";
START TRANSACTION;
SET time_zone = "+00:00";


/*!40101 SET @OLD_CHARACTER_SET_CLIENT=@@CHARACTER_SET_CLIENT */;
/*!40101 SET @OLD_CHARACTER_SET_RESULTS=@@CHARACTER_SET_RESULTS */;
/*!40101 SET @OLD_COLLATION_CONNECTION=@@COLLATION_CONNECTION */;
/*!40101 SET NAMES utf8mb4 */;

--
-- Database: `db_sm3101`
--

-- --------------------------------------------------------

--
-- Table structure for table `admin_tbl`
--

DROP TABLE IF EXISTS `admin_tbl`;
CREATE TABLE IF NOT EXISTS `admin_tbl` (
  `admin_id` int NOT NULL AUTO_INCREMENT,
  `empid` int NOT NULL,
  PRIMARY KEY (`admin_id`),
  KEY `empid` (`empid`)
) ENGINE=MyISAM AUTO_INCREMENT=502 DEFAULT CHARSET=utf8mb4 COLLATE=utf8mb4_general_ci;

--
-- Dumping data for table `admin_tbl`
--

INSERT INTO `admin_tbl` (`admin_id`, `empid`) VALUES
(501, 101);

-- --------------------------------------------------------

--
-- Table structure for table `category`
--

DROP TABLE IF EXISTS `category`;
CREATE TABLE IF NOT EXISTS `category` (
  `category_id` int NOT NULL AUTO_INCREMENT,
  `categoryName` varchar(255) CHARACTER SET utf8mb4 COLLATE utf8mb4_general_ci NOT NULL,
  `categoryDescription` varchar(255) CHARACTER SET utf8mb4 COLLATE utf8mb4_general_ci NOT NULL,
  `creationDate` timestamp NOT NULL DEFAULT CURRENT_TIMESTAMP ON UPDATE CURRENT_TIMESTAMP,
  PRIMARY KEY (`category_id`)
) ENGINE=MyISAM AUTO_INCREMENT=7 DEFAULT CHARSET=utf8mb4 COLLATE=utf8mb4_general_ci;

--
-- Dumping data for table `category`
--

INSERT INTO `category` (`category_id`, `categoryName`, `categoryDescription`, `creationDate`) VALUES
(1, 'Plagiarism', 'Cheating', '2023-11-06 16:31:21'),
(2, 'Not Teaching', 'The teacher is not attending the class.', '2023-11-06 16:31:42'),
(3, 'Cheating', 'Caught my classmate open their notes during examination.', '2023-11-06 16:31:58'),
(4, 'Humiliation', 'The teacher makes an embarrassing comment about me.', '2023-10-25 01:37:54'),
(5, 'Dishonesty', 'With regard to examination-related cheating and plagiarism on written assignments and papers.', '2023-10-25 01:38:42'),
(6, 'Other', 'Please specify the complaint category if not already mentioned. Your input is essential for a more accurate resolution.', '2023-11-16 03:31:02');

-- --------------------------------------------------------

--
-- Table structure for table `complaint_remark`
--

DROP TABLE IF EXISTS `complaint_remark`;
CREATE TABLE IF NOT EXISTS `complaint_remark` (
  `complaint_id` int NOT NULL AUTO_INCREMENT,
  `complaintNumber` int NOT NULL,
  `status` varchar(255) CHARACTER SET utf8mb4 COLLATE utf8mb4_general_ci NOT NULL,
  `remark` mediumtext CHARACTER SET utf8mb4 COLLATE utf8mb4_general_ci NOT NULL,
  `remarkDate` timestamp NOT NULL DEFAULT CURRENT_TIMESTAMP ON UPDATE CURRENT_TIMESTAMP,
  PRIMARY KEY (`complaint_id`),
  KEY `complaintNumber` (`complaintNumber`)
) ENGINE=MyISAM AUTO_INCREMENT=12 DEFAULT CHARSET=utf8mb4 COLLATE=utf8mb4_general_ci;

--
-- Dumping data for table `complaint_remark`
--

INSERT INTO `complaint_remark` (`complaint_id`, `complaintNumber`, `status`, `remark`, `remarkDate`) VALUES
(1, 1, 'pending', 'pending', '2023-10-25 00:23:14'),
(3, 1, 'ongoing', 'still processing', '2023-10-25 01:43:32'),
(4, 2, 'resolved', 'closed', '2023-10-25 01:43:32'),
(5, 4, 'pending', 'processing', '2023-10-25 01:43:32'),
(6, 4, 'resolved', 'closed', '2023-10-25 01:43:32'),
(7, 1, 'ongoing', 'processing', '2023-10-25 01:43:32'),
(9, 8, 'resolved', 'closed', '2023-10-25 01:43:32'),
(11, 2, 'ongoing', 'processing', '2023-10-25 01:43:32');

-- --------------------------------------------------------

--
-- Table structure for table `tablecomplaints`
--

DROP TABLE IF EXISTS `tablecomplaints`;
CREATE TABLE IF NOT EXISTS `tablecomplaints` (
  `complaintNumber` int NOT NULL AUTO_INCREMENT,
  `sr-code` int NOT NULL,
  `category_id` int NOT NULL,
  `complaintName` varchar(255) CHARACTER SET utf8mb4 COLLATE utf8mb4_general_ci NOT NULL,
  `complaintDetails` varchar(5000) CHARACTER SET utf8mb4 COLLATE utf8mb4_general_ci NOT NULL,
  `complaintFile` varchar(255) CHARACTER SET utf8mb4 COLLATE utf8mb4_general_ci NOT NULL,
  `regDate` timestamp NOT NULL DEFAULT CURRENT_TIMESTAMP ON UPDATE CURRENT_TIMESTAMP,
  `status` varchar(50) CHARACTER SET utf8mb4 COLLATE utf8mb4_general_ci DEFAULT NULL,
  `lastUpdationDate` timestamp NOT NULL DEFAULT '0000-00-00 00:00:00' ON UPDATE CURRENT_TIMESTAMP,
  PRIMARY KEY (`complaintNumber`),
  KEY `sr-code` (`sr-code`),
  KEY `category_id` (`category_id`)
) ENGINE=MyISAM AUTO_INCREMENT=14 DEFAULT CHARSET=utf8mb4 COLLATE=utf8mb4_general_ci;

--
-- Dumping data for table `tablecomplaints`
--

INSERT INTO `tablecomplaints` (`complaintNumber`, `sr-code`, `category_id`, `complaintName`, `complaintDetails`, `complaintFile`, `regDate`, `status`, `lastUpdationDate`) VALUES
(1, 1001, 1, 'Plagiarism', 'Someone cheated.', '', '2023-11-21 16:29:56', '', '0000-00-00 00:00:00'),
(2, 1001, 1, 'Cheating', 'Someone is cheating during exam.', '', '2023-11-21 16:30:10', '', '0000-00-00 00:00:00'),
(12, 1003, 5, 'Dishonesty', 'saw someone using phone during exam', '', '2023-11-21 16:30:24', '', '0000-00-00 00:00:00'),
(7, 1004, 4, 'Humiliation', 'The teacher makes an embarrassing comment about me', '', '2023-11-21 16:30:37', '', '0000-00-00 00:00:00'),
(13, 1, 3, 'Complaint For Student', 'hello, testing po, hehe', '', '2023-11-21 17:50:15', NULL, '0000-00-00 00:00:00');

-- --------------------------------------------------------

--
-- Table structure for table `tbdepacc`
--

DROP TABLE IF EXISTS `tbdepacc`;
CREATE TABLE IF NOT EXISTS `tbdepacc` (
  `deptUserID` int NOT NULL AUTO_INCREMENT,
  `deptUserN` char(50) DEFAULT NULL,
  `deptUserPass` char(50) DEFAULT NULL,
  `deptName` varchar(25) DEFAULT NULL,
  PRIMARY KEY (`deptUserID`),
  KEY `tbadmin_ibfk_2` (`deptName`)
) ENGINE=InnoDB AUTO_INCREMENT=8 DEFAULT CHARSET=utf8mb4 COLLATE=utf8mb4_0900_ai_ci;

--
-- Dumping data for table `tbdepacc`
--

INSERT INTO `tbdepacc` (`deptUserID`, `deptUserN`, `deptUserPass`, `deptName`) VALUES
(1, 'Cics1', 'CICS123', 'CICS'),
(2, 'Cabe1', 'CABE123', '2'),
(3, 'Cas1', 'CAS123', '4'),
(4, 'Cit1', 'CIT123', '3'),
(5, 'Cics2', 'Cics123', '1');

-- --------------------------------------------------------

--
-- Table structure for table `tbdepartment`
--

DROP TABLE IF EXISTS `tbdepartment`;
CREATE TABLE IF NOT EXISTS `tbdepartment` (
  `deptName` varchar(25) NOT NULL,
  PRIMARY KEY (`deptName`)
) ENGINE=InnoDB DEFAULT CHARSET=utf8mb4 COLLATE=utf8mb4_0900_ai_ci;

--
-- Dumping data for table `tbdepartment`
--

INSERT INTO `tbdepartment` (`deptName`) VALUES
('CABE'),
('CAS'),
('CICS'),
('CIT');

-- --------------------------------------------------------

--
-- Table structure for table `tbempcontact`
--

DROP TABLE IF EXISTS `tbempcontact`;
CREATE TABLE IF NOT EXISTS `tbempcontact` (
  `id` int NOT NULL AUTO_INCREMENT,
  `empid` int NOT NULL,
  `password` varchar(255) CHARACTER SET utf8mb4 COLLATE utf8mb4_general_ci NOT NULL,
  `email` varchar(255) CHARACTER SET utf8mb4 COLLATE utf8mb4_general_ci NOT NULL,
  `contact_no` bigint NOT NULL,
  `address` varchar(255) CHARACTER SET utf8mb4 COLLATE utf8mb4_general_ci NOT NULL,
  PRIMARY KEY (`id`),
  KEY `empid` (`empid`)
) ENGINE=MyISAM AUTO_INCREMENT=902 DEFAULT CHARSET=utf8mb4 COLLATE=utf8mb4_general_ci;

--
-- Dumping data for table `tbempcontact`
--

INSERT INTO `tbempcontact` (`id`, `empid`, `password`, `email`, `contact_no`, `address`) VALUES
(901, 101, 'staff', 'balazon@gmail.com', 9123456789, 'Lipa City, Batangas');

-- --------------------------------------------------------

--
-- Table structure for table `tbempinfo`
--

DROP TABLE IF EXISTS `tbempinfo`;
CREATE TABLE IF NOT EXISTS `tbempinfo` (
  `empid` int NOT NULL AUTO_INCREMENT,
  `lastname` varchar(25) NOT NULL,
  `firstname` varchar(25) NOT NULL,
  `department` varchar(20) NOT NULL,
  PRIMARY KEY (`empid`)
) ENGINE=InnoDB AUTO_INCREMENT=3 DEFAULT CHARSET=utf8mb4 COLLATE=utf8mb4_0900_ai_ci;

--
-- Dumping data for table `tbempinfo`
--

INSERT INTO `tbempinfo` (`empid`, `lastname`, `firstname`, `department`) VALUES
(1, 'aguila', 'nina', 'cics'),
(2, 'Reyes', 'Jones', 'Cics');

-- --------------------------------------------------------

--
-- Table structure for table `tbeventdetail`
--

DROP TABLE IF EXISTS `tbeventdetail`;
CREATE TABLE IF NOT EXISTS `tbeventdetail` (
  `eventId` int NOT NULL AUTO_INCREMENT,
  `eventWhere` char(50) DEFAULT NULL,
  `eventWhen` char(50) DEFAULT NULL,
  `eventWhat` char(50) DEFAULT NULL,
  `eventWho` varchar(30) CHARACTER SET utf8mb4 COLLATE utf8mb4_0900_ai_ci NOT NULL,
  PRIMARY KEY (`eventId`),
  KEY `deptId_fk` (`eventWho`)
) ENGINE=InnoDB AUTO_INCREMENT=2 DEFAULT CHARSET=utf8mb4 COLLATE=utf8mb4_0900_ai_ci;

--
-- Dumping data for table `tbeventdetail`
--

INSERT INTO `tbeventdetail` (`eventId`, `eventWhere`, `eventWhen`, `eventWhat`, `eventWho`) VALUES
(1, 'BSU LIPA CAMPUS', 'December 1,2023', 'CICS Week', 'All Students');

-- --------------------------------------------------------

--
-- Table structure for table `tbeventview`
--

DROP TABLE IF EXISTS `tbeventview`;
CREATE TABLE IF NOT EXISTS `tbeventview` (
  `srCode` varchar(50) CHARACTER SET utf8mb4 COLLATE utf8mb4_0900_ai_ci DEFAULT NULL,
  `section` varchar(25) DEFAULT NULL,
  `deptName` varchar(50) DEFAULT NULL,
  `eventWhat` varchar(50) DEFAULT NULL,
  `evdate` date DEFAULT NULL,
  `evtime` time DEFAULT NULL,
  KEY `section` (`section`),
  KEY `eventWhat` (`eventWhat`),
  KEY `deptName` (`deptName`),
  KEY `srCode` (`srCode`)
) ENGINE=InnoDB DEFAULT CHARSET=utf8mb4 COLLATE=utf8mb4_0900_ai_ci;

--
-- Dumping data for table `tbeventview`
--

INSERT INTO `tbeventview` (`srCode`, `section`, `deptName`, `eventWhat`, `evdate`, `evtime`) VALUES
('21-34890', 'SM-3101', 'CICS', 'CICS Week', '2023-11-22', '04:58:02'),
('21-37506', 'SM-3101', 'CICS', 'CICS Week', '2023-11-22', '05:04:32');

-- --------------------------------------------------------

--
-- Table structure for table `tbsecurity`
--

DROP TABLE IF EXISTS `tbsecurity`;
CREATE TABLE IF NOT EXISTS `tbsecurity` (
  `adminId` int NOT NULL,
  `adminUserN` varchar(25) DEFAULT NULL,
  `adminPass` varchar(25) DEFAULT NULL,
  `empid` int DEFAULT NULL,
  PRIMARY KEY (`adminId`),
  KEY `empid` (`empid`)
) ENGINE=InnoDB DEFAULT CHARSET=utf8mb4 COLLATE=utf8mb4_0900_ai_ci;

--
-- Dumping data for table `tbsecurity`
--

INSERT INTO `tbsecurity` (`adminId`, `adminUserN`, `adminPass`, `empid`) VALUES
(0, 'Admin1', 'Admin111', 2);

-- --------------------------------------------------------

--
-- Table structure for table `tbstudcontact`
--

DROP TABLE IF EXISTS `tbstudcontact`;
CREATE TABLE IF NOT EXISTS `tbstudcontact` (
  `id` int NOT NULL AUTO_INCREMENT,
  `studid` int NOT NULL,
  `password` varchar(255) CHARACTER SET utf8mb4 COLLATE utf8mb4_general_ci NOT NULL,
  `email` varchar(255) CHARACTER SET utf8mb4 COLLATE utf8mb4_general_ci NOT NULL,
  `contact_no` bigint NOT NULL,
  `address` varchar(255) CHARACTER SET utf8mb4 COLLATE utf8mb4_general_ci NOT NULL,
  PRIMARY KEY (`id`),
  KEY `studid` (`studid`)
) ENGINE=MyISAM AUTO_INCREMENT=7 DEFAULT CHARSET=utf8mb4 COLLATE=utf8mb4_general_ci;

--
-- Dumping data for table `tbstudcontact`
--

INSERT INTO `tbstudcontact` (`id`, `studid`, `password`, `email`, `contact_no`, `address`) VALUES
(1, 1001, '10c7ccc7a4f0aff03c915c485565b9da', 'ryan@gmail.com', 9123456789, 'Cuenca, Batangas');

-- --------------------------------------------------------

--
-- Table structure for table `tbstudinfo`
--

DROP TABLE IF EXISTS `tbstudinfo`;
CREATE TABLE IF NOT EXISTS `tbstudinfo` (
  `studid` int NOT NULL AUTO_INCREMENT,
  `lastname` varchar(25) NOT NULL,
  `firstname` varchar(25) NOT NULL,
  `course` varchar(20) NOT NULL,
  PRIMARY KEY (`studid`)
) ENGINE=InnoDB AUTO_INCREMENT=6 DEFAULT CHARSET=utf8mb4 COLLATE=utf8mb4_0900_ai_ci;

--
-- Dumping data for table `tbstudinfo`
--

INSERT INTO `tbstudinfo` (`studid`, `lastname`, `firstname`, `course`) VALUES
(1, 'parker', 'peter', 'bsit'),
(2, 'kent', 'clark', 'bscs'),
(3, 'Roxas', 'Kent', 'bsit'),
(4, 'Custodio', 'Juliana Beatriz', 'bsit'),
(5, 'Lasay', 'John Lloyd', 'bsit');
COMMIT;

/*!40101 SET CHARACTER_SET_CLIENT=@OLD_CHARACTER_SET_CLIENT */;
/*!40101 SET CHARACTER_SET_RESULTS=@OLD_CHARACTER_SET_RESULTS */;
/*!40101 SET COLLATION_CONNECTION=@OLD_COLLATION_CONNECTION */;
-- phpMyAdmin SQL Dump
-- version 5.2.0
-- https://www.phpmyadmin.net/
--
-- Host: 127.0.0.1:3306
-- Generation Time: Nov 21, 2023 at 10:30 AM
-- Server version: 8.0.31
-- PHP Version: 8.0.26

SET SQL_MODE = "NO_AUTO_VALUE_ON_ZERO";
START TRANSACTION;
SET time_zone = "+00:00";


/*!40101 SET @OLD_CHARACTER_SET_CLIENT=@@CHARACTER_SET_CLIENT */;
/*!40101 SET @OLD_CHARACTER_SET_RESULTS=@@CHARACTER_SET_RESULTS */;
/*!40101 SET @OLD_COLLATION_CONNECTION=@@COLLATION_CONNECTION */;
/*!40101 SET NAMES utf8mb4 */;

--
-- Database: `db_sm3101`
--

-- --------------------------------------------------------

--
-- Table structure for table `tbempinfo`
--

DROP TABLE IF EXISTS `tbempinfo`;
CREATE TABLE IF NOT EXISTS `tbempinfo` (
  `empid` int NOT NULL AUTO_INCREMENT,
  `lastname` varchar(25) NOT NULL,
  `firstname` varchar(25) NOT NULL,
  `department` varchar(20) NOT NULL,
  PRIMARY KEY (`empid`)
) ENGINE=MyISAM AUTO_INCREMENT=16 DEFAULT CHARSET=utf8mb4 COLLATE=utf8mb4_0900_ai_ci;

--
-- Dumping data for table `tbempinfo`
--

INSERT INTO `tbempinfo` (`empid`, `lastname`, `firstname`, `department`) VALUES
(1, 'aguila', 'nina', 'cics'),
(2, 'libunao', 'angeline', 'cics'),
(3, 'suarez', 'aileen', 'cics'),
(4, 'sulit', 'richelle', 'cics'),
(5, 'reyes', 'christoper', 'cics'),
(10, 'austria', 'carl jerome', 'cics'),
(9, 'balazon', 'francis', 'cics'),
(8, 'cabrera', 'christian', 'cics'),
(7, 'labiaga', 'elenor', 'cics'),
(6, 'alimoren', 'dioneces', 'cics'),
(11, 'admin', 'one', 'security'),
(12, 'admin', 'two', 'security'),
(13, 'guard', 'one', 'security'),
(14, 'guard', 'two', 'security'),
(15, 'admin ', 'three', 'security');

-- --------------------------------------------------------

--
-- Table structure for table `tbfounditems`
--

DROP TABLE IF EXISTS `tbfounditems`;
CREATE TABLE IF NOT EXISTS `tbfounditems` (
  `ItemID` int NOT NULL AUTO_INCREMENT,
  `ItemName` varchar(100) NOT NULL,
  `ItemDescription` text,
  `DateTime` datetime DEFAULT NULL,
  `Location` varchar(100) DEFAULT NULL,
  `Status` enum('Lost','Found','Claimed') NOT NULL,
  `Category` varchar(50) DEFAULT NULL,
  `ReportedBy` int DEFAULT NULL,
  `Image` varchar(255) DEFAULT NULL,
  PRIMARY KEY (`ItemID`)
) ENGINE=MyISAM AUTO_INCREMENT=11 DEFAULT CHARSET=utf8mb4 COLLATE=utf8mb4_0900_ai_ci;

--
-- Dumping data for table `tbfounditems`
--

INSERT INTO `tbfounditems` (`ItemID`, `ItemName`, `ItemDescription`, `DateTime`, `Location`, `Status`, `Category`, `ReportedBy`, `Image`) VALUES
(1, 'Found Laptop', 'Dell Inspiron laptop found in the library.', '2023-10-11 08:50:00', 'Library', 'Found', 'Electronics', 2, 'laptop.jpg'),
(2, 'Found Wallet', 'Black leather wallet with cash and cards found near the cafeteria.', '2023-10-12 17:30:00', 'Cafeteria', 'Found', 'Wallets', 4, 'wallet.jpg'),
(3, 'Found Earbuds', 'Wireless earbuds found on the bus.', '2023-10-13 10:15:00', 'Bus', 'Found', 'Electronics', 6, 'earbuds.jpg'),
(4, 'Found Backpack', 'Green backpack with school supplies found in the gym.', '2023-10-14 14:00:00', 'Gym', 'Found', 'Bags', 7, 'backpack.jpg'),
(5, 'Found Watch', 'Silver wristwatch found in the classroom.', '2023-10-15 12:45:00', 'Classroom 102', 'Found', 'Accessories', 8, 'watch.jpg'),
(6, 'Found ID Card', 'University ID card found outside the administration office.', '2023-10-16 11:40:00', 'Administration Office', 'Found', 'ID Cards', 9, 'id_card.jpg'),
(7, 'Found Phone', 'iPhone 11 found at the lecture hall.', '2023-10-17 09:20:00', 'Lecture Hall B', 'Found', 'Electronics', 10, 'phone.jpg'),
(8, 'Found Keys', 'Set of car keys found at the parking lot.', '2023-10-18 16:55:00', 'Parking Lot', 'Found', 'Keys', 2, 'keys.jpg'),
(9, 'Found Glasses', 'Prescription eyeglasses found in the library.', '2023-10-19 13:10:00', 'Library', 'Found', 'Accessories', 3, 'glasses.jpg'),
(10, 'Found Umbrella', 'Red umbrella with a floral pattern found near the bus stop.', '2023-10-20 15:00:00', 'Bus Stop', 'Found', 'Accessories', 4, 'umbrella.jpg');

-- --------------------------------------------------------

--
-- Table structure for table `tblostitems`
--

DROP TABLE IF EXISTS `tblostitems`;
CREATE TABLE IF NOT EXISTS `tblostitems` (
  `ItemID` int NOT NULL AUTO_INCREMENT,
  `ItemName` varchar(100) NOT NULL,
  `ItemDescription` text,
  `DateTime` datetime DEFAULT NULL,
  `Location` varchar(100) DEFAULT NULL,
  `Status` enum('Lost','Found','Claimed') NOT NULL,
  `Category` varchar(50) DEFAULT NULL,
  `ReportedBy` int DEFAULT NULL,
  `Image` varchar(255) DEFAULT NULL,
  PRIMARY KEY (`ItemID`)
) ENGINE=MyISAM AUTO_INCREMENT=11 DEFAULT CHARSET=utf8mb4 COLLATE=utf8mb4_0900_ai_ci;

--
-- Dumping data for table `tblostitems`
--

INSERT INTO `tblostitems` (`ItemID`, `ItemName`, `ItemDescription`, `DateTime`, `Location`, `Status`, `Category`, `ReportedBy`, `Image`) VALUES
(1, 'Lost Phone', 'Black smartphone with cracked screen.', '2023-10-01 10:30:00', 'Library', 'Lost', 'Electronics', 3, 'phone.jpg'),
(2, 'Lost Backpack', 'Red backpack with textbooks and a laptop.', '2023-10-02 15:45:00', 'Cafeteria', 'Lost', 'Bags', 4, 'backpack.jpg'),
(3, 'Lost Keys', 'Set of house and car keys.', '2023-10-03 08:15:00', 'Parking Lot', 'Lost', 'Keys', 5, 'keys.jpg'),
(4, 'Lost Wallet', 'Brown leather wallet with cash and ID.', '2023-10-04 17:20:00', 'Gym', 'Lost', 'Wallets', 6, 'wallet.jpg'),
(5, 'Lost Umbrella', 'Blue umbrella with a pattern.', '2023-10-05 12:00:00', 'Bus Stop', 'Lost', 'Accessories', 7, 'umbrella.jpg'),
(6, 'Lost Watch', 'Silver wristwatch with a black strap.', '2023-10-06 09:30:00', 'Classroom 101', 'Lost', 'Accessories', 8, 'watch.jpg'),
(7, 'Lost Laptop', 'MacBook Pro 13-inch.', '2023-10-07 14:10:00', 'Library', 'Lost', 'Electronics', 9, 'laptop.jpg'),
(8, 'Lost ID Card', 'University ID card with the name \"John Doe\".', '2023-10-08 11:05:00', 'Administration Office', 'Lost', 'ID Cards', 10, 'id_card.jpg'),
(9, 'Lost Headphones', 'Wireless headphones with a case.', '2023-10-09 16:30:00', 'Cafeteria', 'Lost', 'Electronics', 3, 'headphones.jpg'),
(10, 'Lost Glasses', 'Prescription eyeglasses in a black frame.', '2023-10-10 13:25:00', 'Lecture Hall A', 'Lost', 'Accessories', 4, 'glasses.jpg');

-- --------------------------------------------------------

--
-- Table structure for table `tbrecentactivities`
--

DROP TABLE IF EXISTS `tbrecentactivities`;
CREATE TABLE IF NOT EXISTS `tbrecentactivities` (
  `ActivityID` int NOT NULL AUTO_INCREMENT,
  `ActivityType` varchar(20) NOT NULL,
  `UserID` int DEFAULT NULL,
  `ItemID` int DEFAULT NULL,
  `DateTime` datetime DEFAULT NULL,
  PRIMARY KEY (`ActivityID`)
) ENGINE=MyISAM AUTO_INCREMENT=11 DEFAULT CHARSET=utf8mb4 COLLATE=utf8mb4_0900_ai_ci;

--
-- Dumping data for table `tbrecentactivities`
--

INSERT INTO `tbrecentactivities` (`ActivityID`, `ActivityType`, `UserID`, `ItemID`, `DateTime`) VALUES
(1, 'Report', 3, 1, '2023-10-01 10:30:00'),
(2, 'Report', 4, 2, '2023-10-02 15:45:00'),
(3, 'Report', 5, 3, '2023-10-03 08:15:00'),
(4, 'Report', 6, 4, '2023-10-04 17:20:00'),
(5, 'Report', 7, 5, '2023-10-05 12:00:00'),
(6, 'Report', 8, 6, '2023-10-06 09:30:00'),
(7, 'Report', 9, 7, '2023-10-07 14:10:00'),
(8, 'Report', 10, 8, '2023-10-08 11:05:00'),
(9, 'Report', 3, 9, '2023-10-09 16:30:00'),
(10, 'Report', 4, 10, '2023-10-10 13:25:00');

-- --------------------------------------------------------

--
-- Table structure for table `tbreports`
--

DROP TABLE IF EXISTS `tbreports`;
CREATE TABLE IF NOT EXISTS `tbreports` (
  `ReportID` int NOT NULL AUTO_INCREMENT,
  `ReportName` varchar(100) NOT NULL,
  `ReportDescription` text,
  `DateTime` datetime DEFAULT NULL,
  `Location` varchar(100) DEFAULT NULL,
  `Category` varchar(50) DEFAULT NULL,
  `ReportedBy` int DEFAULT NULL,
  `Image` varchar(255) DEFAULT NULL,
  PRIMARY KEY (`ReportID`)
) ENGINE=MyISAM AUTO_INCREMENT=18 DEFAULT CHARSET=utf8mb4 COLLATE=utf8mb4_0900_ai_ci;

--
-- Dumping data for table `tbreports`
--

INSERT INTO `tbreports` (`ReportID`, `ReportName`, `ReportDescription`, `DateTime`, `Location`, `Category`, `ReportedBy`, `Image`) VALUES
(1, 'Report 1', 'This is the first test report.', '2023-10-22 14:30:00', 'Library', 'Test', 3, 'report1.jpg'),
(2, 'Report 2', 'This is the second test report.', '2023-10-23 16:45:00', 'Cafeteria', 'Test', 4, 'report2.jpg'),
(3, 'Report 3', 'This is the third test report.', '2023-10-24 11:20:00', 'Parking Lot', 'Test', 5, 'report3.jpg'),
(4, 'Report 4', 'This is the fourth test report.', '2023-10-25 12:15:00', 'Gym', 'Test', 6, 'report4.jpg'),
(5, 'Report 5', 'This is the fifth test report.', '2023-10-26 08:30:00', 'Bus Stop', 'Test', 7, 'report5.jpg'),
(6, 'Report 6', 'This is the sixth test report.', '2023-10-27 09:10:00', 'Classroom 101', 'Test', 8, 'report6.jpg'),
(7, 'Report 7', 'This is the seventh test report.', '2023-10-28 10:40:00', 'Library', 'Test', 9, 'report7.jpg'),
(8, 'Report 8', 'This is the eighth test report.', '2023-10-29 13:55:00', 'Administration Office', 'Test', 10, 'report8.jpg'),
(9, 'Report 9', 'This is the ninth test report.', '2023-10-30 15:00:00', 'Cafeteria', 'Test', 3, 'report9.jpg'),
(10, 'Report 10', 'This is the tenth test report.', '2023-10-31 14:25:00', 'Lecture Hall A', 'Test', 4, 'report10.jpg'),
(17, 'Cellphone', 'Color black iphone', '2023-11-02 17:51:00', 'CECS Bldg', 'Gadget', 0, ''),
(16, 'Cellphone', 'IPHONE FULLY PAID', '2023-11-10 13:21:00', 'HEB', 'Gadget', 0, '');

-- --------------------------------------------------------

--
-- Table structure for table `tbsearchhistory`
--

DROP TABLE IF EXISTS `tbsearchhistory`;
CREATE TABLE IF NOT EXISTS `tbsearchhistory` (
  `SearchID` int NOT NULL AUTO_INCREMENT,
  `UserID` int DEFAULT NULL,
  `SearchQuery` text NOT NULL,
  `SearchDateTime` datetime DEFAULT NULL,
  PRIMARY KEY (`SearchID`)
) ENGINE=MyISAM AUTO_INCREMENT=11 DEFAULT CHARSET=utf8mb4 COLLATE=utf8mb4_0900_ai_ci;

--
-- Dumping data for table `tbsearchhistory`
--

INSERT INTO `tbsearchhistory` (`SearchID`, `UserID`, `SearchQuery`, `SearchDateTime`) VALUES
(1, 3, 'Lost phone', '2023-10-02 10:30:00'),
(2, 3, 'Found laptop', '2023-10-05 14:15:00'),
(3, 4, 'Lost keys', '2023-10-07 08:45:00'),
(4, 4, 'Lost glasses', '2023-10-10 11:30:00'),
(5, 5, 'Found wallet', '2023-10-12 18:00:00'),
(6, 5, 'Found backpack', '2023-10-14 14:30:00'),
(7, 6, 'Lost umbrella', '2023-10-15 09:45:00'),
(8, 6, 'Lost ID card', '2023-10-18 16:15:00'),
(9, 7, 'Found watch', '2023-10-19 14:10:00'),
(10, 7, 'Lost laptop', '2023-10-20 10:00:00');

-- --------------------------------------------------------

--
-- Table structure for table `tbstudinfo`
--

DROP TABLE IF EXISTS `tbstudinfo`;
CREATE TABLE IF NOT EXISTS `tbstudinfo` (
  `studid` int NOT NULL AUTO_INCREMENT,
  `lastname` varchar(25) NOT NULL,
  `firstname` varchar(25) NOT NULL,
  `course` varchar(20) NOT NULL,
  PRIMARY KEY (`studid`)
) ENGINE=MyISAM AUTO_INCREMENT=11 DEFAULT CHARSET=utf8mb4 COLLATE=utf8mb4_0900_ai_ci;

--
-- Dumping data for table `tbstudinfo`
--

INSERT INTO `tbstudinfo` (`studid`, `lastname`, `firstname`, `course`) VALUES
(1, 'parker', 'peter', 'bsit'),
(2, 'kent', 'clark', 'bsit'),
(3, 'coronel', 'marielle', 'bsit'),
(4, 'san pablo', 'yukari', 'bsit'),
(5, 'custodio', 'bea', 'bsit'),
(6, 'saltoc', 'cheniell', 'bsit'),
(7, 'rubico', 'paulo', 'bsit'),
(8, 'lansangan', 'janine', 'bsit'),
(9, 'borja', 'john laurence', 'bsit'),
(10, 'fajilan', 'curlyne', 'bsit');

-- --------------------------------------------------------

--
-- Table structure for table `tbusers`
--

DROP TABLE IF EXISTS `tbusers`;
CREATE TABLE IF NOT EXISTS `tbusers` (
  `userid` int NOT NULL,
  `username` varchar(255) DEFAULT NULL,
  `password` varchar(255) DEFAULT NULL,
  `usertype` varchar(50) DEFAULT NULL,
  `status` varchar(50) DEFAULT NULL,
  `email` varchar(255) DEFAULT NULL,
  `empid` int DEFAULT NULL,
  `studid` int DEFAULT NULL,
  PRIMARY KEY (`userid`),
  KEY `empid` (`empid`),
  KEY `studid` (`studid`)
) ENGINE=MyISAM DEFAULT CHARSET=utf8mb4 COLLATE=utf8mb4_0900_ai_ci;

--
-- Dumping data for table `tbusers`
--

INSERT INTO `tbusers` (`userid`, `username`, `password`, `usertype`, `status`, `email`, `empid`, `studid`) VALUES
(1, 'nina_aguila', 'empaguila111', 'client', 'active', 'ninaaguila@gmail.com', 1, NULL),
(2, 'angeline_libunao', 'emplibunao222', 'client', 'active', 'libunaoange@gmail.com', 2, NULL),
(3, 'aileen_suarez', 'empsuarez333', 'client', 'active', 'aileensuarez@gmail.com', 3, NULL),
(4, 'richelle_sulit', 'empsulit444', 'client', 'active', 'richellesulit@gmail.com', 4, NULL),
(5, 'chris_reyes', 'empreyes555', 'client', 'active', 'chrisreyes@gmail.com', 5, NULL),
(6, 'peter_parker', 'userpass6', 'client', 'active', 'ninaaguila@gmail.com', NULL, 1),
(7, 'kent_clark', 'userpass7', 'client', 'active', 'ninaaguila@gmail.com', NULL, 2),
(8, 'coronel_marielle', 'userpass8', 'client', 'active', 'coronelmarielle@gmail.com', NULL, 3),
(9, 'yukari_sanpablo', 'userpass9', 'client', 'active', 'yukarisanpablo@gmail.com', NULL, 4),
(10, 'bea_custodio', 'userpass10', 'client', 'active', 'custodiobea@gmail.com', NULL, 5),
(11, 'admin_user1', 'adminpass1', 'admin', 'active', 'adminuser1@gmail.com', 11, NULL),
(12, 'admin_user2', 'adminpass2', 'admin', 'active', 'adminuser2@gmail.com', 12, NULL),
(13, 'admin_user3', 'adminpass3', 'admin', 'active', 'adminuser3@gmail.com', 13, NULL),
(14, 'guard_user1', 'guarduser1', 'guard', 'active', 'guarduser1@gmail.com', 14, NULL),
(15, 'guard_user2', 'guarduser2', 'guard', 'active', 'guarduser2@gmail.com', 15, NULL);
COMMIT;

/*!40101 SET CHARACTER_SET_CLIENT=@OLD_CHARACTER_SET_CLIENT */;
/*!40101 SET CHARACTER_SET_RESULTS=@OLD_CHARACTER_SET_RESULTS */;
/*!40101 SET COLLATION_CONNECTION=@OLD_COLLATION_CONNECTION */;

-- phpMyAdmin SQL Dump
-- version 5.2.0
-- https://www.phpmyadmin.net/
--
-- Host: 127.0.0.1:3306
-- Generation Time: Nov 21, 2023 at 09:15 AM
-- Server version: 8.0.31
-- PHP Version: 8.0.26

SET SQL_MODE = "NO_AUTO_VALUE_ON_ZERO";
START TRANSACTION;
SET time_zone = "+00:00";


/*!40101 SET @OLD_CHARACTER_SET_CLIENT=@@CHARACTER_SET_CLIENT */;
/*!40101 SET @OLD_CHARACTER_SET_RESULTS=@@CHARACTER_SET_RESULTS */;
/*!40101 SET @OLD_COLLATION_CONNECTION=@@COLLATION_CONNECTION */;
/*!40101 SET NAMES utf8mb4 */;

--
-- Database: `db_sm3101`
--

-- --------------------------------------------------------

--
-- Table structure for table `tbempinfo`
--

DROP TABLE IF EXISTS `tbempinfo`;
CREATE TABLE IF NOT EXISTS `tbempinfo` (
  `empid` int NOT NULL AUTO_INCREMENT,
  `lastname` varchar(25) NOT NULL,
  `firstname` varchar(25) NOT NULL,
  `department` varchar(20) NOT NULL,
  PRIMARY KEY (`empid`)
) ENGINE=MyISAM AUTO_INCREMENT=6 DEFAULT CHARSET=utf8mb4 COLLATE=utf8mb4_0900_ai_ci;

--
-- Dumping data for table `tbempinfo`
--

INSERT INTO `tbempinfo` (`empid`, `lastname`, `firstname`, `department`) VALUES
(1, 'aguila', 'nina', 'cics'),
(2, 'dela cruz', 'juan', 'security'),
(3, 'manalo', 'francisco', 'security'),
(4, 'hernandez', 'reynold', 'security'),
(5, 'mendoza', 'ronnie', 'student discipline');

-- --------------------------------------------------------

--
-- Table structure for table `tbemplogin`
--

DROP TABLE IF EXISTS `tbemplogin`;
CREATE TABLE IF NOT EXISTS `tbemplogin` (
  `emploginID` int NOT NULL AUTO_INCREMENT,
  `username` varchar(255) DEFAULT NULL,
  `password` varchar(255) DEFAULT NULL,
  `empid` int DEFAULT NULL,
  PRIMARY KEY (`emploginID`),
  KEY `empid` (`empid`)
) ENGINE=MyISAM AUTO_INCREMENT=5 DEFAULT CHARSET=utf8mb4 COLLATE=utf8mb4_0900_ai_ci;

--
-- Dumping data for table `tbemplogin`
--

INSERT INTO `tbemplogin` (`emploginID`, `username`, `password`, `empid`) VALUES
(1, 'Guard1', 'Guard111', 1),
(2, 'Guard2', 'Guard222', 2),
(3, 'Guard3', 'Guard333', 3),
(4, 'OSDAdmin', 'OSDAdmin123', 4);

-- --------------------------------------------------------

--
-- Table structure for table `tbstudinfo`
--

DROP TABLE IF EXISTS `tbstudinfo`;
CREATE TABLE IF NOT EXISTS `tbstudinfo` (
  `studid` int NOT NULL AUTO_INCREMENT,
  `lastname` varchar(25) NOT NULL,
  `firstname` varchar(25) NOT NULL,
  `course` varchar(20) NOT NULL,
  PRIMARY KEY (`studid`)
) ENGINE=MyISAM AUTO_INCREMENT=16 DEFAULT CHARSET=utf8mb4 COLLATE=utf8mb4_0900_ai_ci;

--
-- Dumping data for table `tbstudinfo`
--

INSERT INTO `tbstudinfo` (`studid`, `lastname`, `firstname`, `course`) VALUES
(1, 'parker', 'peter', 'bsit'),
(2, 'kent', 'clark', 'bscs'),
(3, 'Coronel', 'Marielle', 'BSIT'),
(4, 'Fajilan', 'Micaella Curlyne', 'BSIT'),
(5, 'Borja', 'John Laurence', 'BSIT'),
(6, 'Baybay', 'Emmanuel', 'BSIT'),
(7, 'Valdez', 'Fryan Auric', 'BSIT'),
(8, 'Custodio', 'Juliana Beatriz', 'BSIT'),
(9, 'nebres', 'elbert', 'BSIT'),
(10, 'latorre', 'john aeron', 'BSIT'),
(11, 'mayo', 'john lorenz', 'BSIT'),
(12, 'dulay', 'veronica', 'BSIT'),
(13, 'villanueva', 'kurt xavier', 'BSIT'),
(14, 'mercado', 'kurt dhracir', 'BSIT'),
(15, 'dela pena', 'mary ann', 'BSIT');

-- --------------------------------------------------------

--
-- Table structure for table `tbstudlogin`
--

DROP TABLE IF EXISTS `tbstudlogin`;
CREATE TABLE IF NOT EXISTS `tbstudlogin` (
  `studloginID` int NOT NULL AUTO_INCREMENT,
  `srCode` varchar(10) DEFAULT NULL,
  `username` varchar(40) DEFAULT NULL,
  `password` varchar(255) DEFAULT NULL,
  `studid` int DEFAULT NULL,
  PRIMARY KEY (`studloginID`),
  KEY `studid` (`studid`)
) ENGINE=MyISAM AUTO_INCREMENT=16 DEFAULT CHARSET=utf8mb4 COLLATE=utf8mb4_0900_ai_ci;

--
-- Dumping data for table `tbstudlogin`
--

INSERT INTO `tbstudlogin` (`studloginID`, `srCode`, `username`, `password`, `studid`) VALUES
(1, '21-33599', 'Janine Lansangan', 'lansangan1282', 1),
(2, '21-33600', 'John Smith', 'smith123', 2),
(3, '21-33601', 'Maria Garcia', 'garcia456', 3),
(4, '21-33602', 'Robert Johnson', 'johnson789', 4),
(5, '21-33603', 'Linda Chen', 'chen123', 5),
(6, '21-33604', 'Michael Lee', 'lee456', 6),
(7, '21-33605', 'Sophia Wang', 'wang789', 7),
(8, '21-33606', 'William Brown', 'brown123', 8),
(9, '21-33607', 'Jennifer Kim', 'kim456', 9),
(10, '21-33608', 'David Nguyen', 'nguyen789', 10),
(11, '21-33609', 'Karen Martinez', 'martinez123', 11),
(12, '21-33610', 'Samuel Lopez', 'lopez456', 12),
(13, '21-33611', 'Olivia Wilson', 'wilson789', 13),
(14, '21-33612', 'Daniel Gonzalez', 'gonzalez123', 14),
(15, '21-33613', 'Emily Harris', 'harris456', 15);

-- --------------------------------------------------------

--
-- Table structure for table `tbviolation`
--

DROP TABLE IF EXISTS `tbviolation`;
CREATE TABLE IF NOT EXISTS `tbviolation` (
  `violationID` int NOT NULL AUTO_INCREMENT,
  `srCode` varchar(10) DEFAULT NULL,
  `date` timestamp NULL DEFAULT NULL,
  `violationtype` varchar(255) DEFAULT NULL,
  `remarks` varchar(255) DEFAULT NULL,
  `sanction` varchar(255) DEFAULT NULL,
  PRIMARY KEY (`violationID`)
) ENGINE=MyISAM AUTO_INCREMENT=17 DEFAULT CHARSET=utf8mb4 COLLATE=utf8mb4_0900_ai_ci;

--
-- Dumping data for table `tbviolation`
--

INSERT INTO `tbviolation` (`violationID`, `srCode`, `date`, `violationtype`, `remarks`, `sanction`) VALUES
(1, '21-33613', '2023-10-13 00:18:00', 'Haircut/Color', 'Improper Hairstyle', 'Written Warning'),
(2, '21-20219', '2023-10-14 00:21:00', 'Haircut/Color', 'Mohawk Hairstyle', 'Written Warning'),
(3, '21-33601', '2023-10-13 00:30:00', 'Dress Code', 'Wearing Crop Top', 'Written Warning'),
(4, '22-30078', '2023-10-14 01:35:00', 'Uniform', 'Wrong School Shoes', 'Written Warning'),
(5, '25-09127', '2023-10-14 02:18:00', 'Dress Code', 'Wearing Ripped Jeans', 'Written Warning'),
(6, '21-33613', '2023-10-16 03:23:00', 'Others', 'Not wearing of school ID', 'Written Reprimand'),
(7, '21-33601', '2023-10-16 03:30:00', 'Misconduct', 'Vaping outside university gate', 'To be Discussed'),
(8, '21-20219', '2023-10-17 04:30:00', 'Others', 'Not wearing own school ID', 'Written Reprimand'),
(9, '22-30078', '2023-10-17 02:25:00', 'Haircut/Color', 'Undercut haistyle', 'Written Warning'),
(10, '25-09127', '2023-10-18 06:28:00', 'Uniform', 'Not wearing proper school uniform', 'Written Reprimand'),
(11, '21-33613', '2023-10-18 01:28:00', 'Uniform', 'Inappropriate Shoes (Rubber Shoes while wearing school uniform)', 'Written Reprimand'),
(12, '21-33601', '2023-10-21 04:28:00', 'Others', 'Bringing harmful object to school', 'Written Reprimand'),
(13, '21-20219', '2023-11-06 00:29:00', 'Misconduct', 'Smoking inside the campus', 'One day Suspension'),
(14, '22-30078', '2023-11-07 02:32:00', 'Dress Code', 'Wearing tight leggings ', 'Written Warning'),
(15, '25-04390', '2023-11-13 10:29:00', 'Haircut/Color', 'Loud hair color', 'Written Warning');
COMMIT;

/*!40101 SET CHARACTER_SET_CLIENT=@OLD_CHARACTER_SET_CLIENT */;
/*!40101 SET CHARACTER_SET_RESULTS=@OLD_CHARACTER_SET_RESULTS */;
/*!40101 SET COLLATION_CONNECTION=@OLD_COLLATION_CONNECTION */;
